,key,Computational accuracy,Mutation score
0,PRIMALITY_TEST_SET_1_INTRODUCTION_AND_SCHOOL_METHOD,1.0,0.8
1,PRIMALITY_TEST_SET_1_INTRODUCTION_AND_SCHOOL_METHOD,1.0,0.8
2,FIND_LARGEST_D_IN_ARRAY_SUCH_THAT_A_B_C_D,0.8,0.8
3,PROGRAM_TO_FIND_REMAINDER_WITHOUT_USING_MODULO_OR_OPERATOR_2,1.0,0.6
4,MODULUS_TWO_FLOAT_DOUBLE_NUMBERS,1.0,0.5
5,MODULUS_TWO_FLOAT_DOUBLE_NUMBERS,1.0,0.2
6,NUMBER_SUBSTRINGS_STRING,1.0,
7,MAXIMUM_POINTS_INTERSECTION_N_CIRCLES,1.0,
8,LARGEST_SUM_CONTIGUOUS_SUBARRAY_2,1.0,1.0
9,MOVE_VE_ELEMENTS_END_ORDER_EXTRA_SPACE_ALLOWED,0.6,0.4
10,MOVE_VE_ELEMENTS_END_ORDER_EXTRA_SPACE_ALLOWED,0.6,0.4
11,MOVE_VE_ELEMENTS_END_ORDER_EXTRA_SPACE_ALLOWED,0.6,0.4
12,MOVE_VE_ELEMENTS_END_ORDER_EXTRA_SPACE_ALLOWED,0.6,0.4
13,PROGRAM_CENSOR_WORD_ASTERISKS_SENTENCE,0.0,1.0
14,PROGRAM_CENSOR_WORD_ASTERISKS_SENTENCE,0.0,1.0
15,PROGRAM_CENSOR_WORD_ASTERISKS_SENTENCE,0.0,1.0
16,N_TH_NUMBER_WHOSE_SUM_OF_DIGITS_IS_TEN_1,0.0,1.0
17,LEONARDO_NUMBER_1,1.0,1.0
18,EFFICIENT_SEARCH_IN_AN_ARRAY_WHERE_DIFFERENCE_BETWEEN_ADJACENT_IS_1,1.0,0.5
19,COUNT_OFDIFFERENT_WAYS_EXPRESS_N_SUM_1_3_4,0.0,1.0
20,FIND_THE_MAXIMUM_SUBARRAY_XOR_IN_A_GIVEN_ARRAY,1.0,
21,FIND_WHETHER_AN_ARRAY_IS_SUBSET_OF_ANOTHER_ARRAY_SET_1_1,1.0,0.1
22,FIND_WHETHER_AN_ARRAY_IS_SUBSET_OF_ANOTHER_ARRAY_SET_1_1,1.0,0.0
23,NEXT_POWER_OF_2_1,1.0,0.0
24,NEXT_POWER_OF_2_1,1.0,1.0
25,COUNT_NUMBER_WAYS_REACH_GIVEN_SCORE_GAME,1.0,1.0
26,COUNT_NUMBER_WAYS_REACH_GIVEN_SCORE_GAME,1.0,1.0
27,LOWER_INSERTION_POINT,1.0,0.1
28,LOWER_INSERTION_POINT,1.0,0.1
29,LOWER_INSERTION_POINT,1.0,0.8
30,MAXIMUM_SUM_2_X_N_GRID_NO_TWO_ELEMENTS_ADJACENT,1.0,
31,SMALLEST_POWER_OF_2_GREATER_THAN_OR_EQUAL_TO_N_2,1.0,
32,MAXIMUM_NUMBER_SEGMENTS_LENGTHS_B_C,0.4,
33,COUNT_NUMBER_WAYS_TILE_FLOOR_SIZE_N_X_M_USING_1_X_M_SIZE_TILES,1.0,1.0
34,COUNT_NUMBER_OF_STRINGS_MADE_OF_R_G_AND_B_USING_GIVEN_COMBINATION,1.0,0.1
35,COUNT_NUMBER_OF_STRINGS_MADE_OF_R_G_AND_B_USING_GIVEN_COMBINATION,1.0,0.1
36,MIDDLE_OF_THREE_USING_MINIMUM_COMPARISONS_1,1.0,1.0
37,ODD_EVEN_SORT_BRICK_SORT,0.5,0.5
38,SUM_MANHATTAN_DISTANCES_PAIRS_POINTS,1.0,0.9
39,GIVEN_A_SORTED_AND_ROTATED_ARRAY_FIND_IF_THERE_IS_A_PAIR_WITH_A_GIVEN_SUM_1,0.8,0.2
40,MULTIPLY_LARGE_INTEGERS_UNDER_LARGE_MODULO,1.0,1.0
41,LONGEST_REPEATING_AND_NON_OVERLAPPING_SUBSTRING,0.0,1.0
42,LONGEST_REPEATING_AND_NON_OVERLAPPING_SUBSTRING,0.0,1.0
43,DISTRIBUTING_M_ITEMS_CIRCLE_SIZE_N_STARTING_K_TH_POSITION,0.5,1.0
44,POLICEMEN_CATCH_THIEVES,0.9,1.0
45,CHECK_TWO_GIVEN_CIRCLES_TOUCH_INTERSECT,1.0,1.0
46,SWAP_ALL_ODD_AND_EVEN_BITS,1.0,
47,CHECK_NUMBER_POWER_K_USING_BASE_CHANGING_METHOD,1.0,0.6
48,REARRANGE_ARRAY_MAXIMUM_MINIMUM_FORM,0.0,1.0
49,WRITE_YOU_OWN_POWER_WITHOUT_USING_MULTIPLICATION_AND_DIVISION,1.0,1.0
50,WRITE_YOU_OWN_POWER_WITHOUT_USING_MULTIPLICATION_AND_DIVISION,1.0,1.0
51,FRIENDS_PAIRING_PROBLEM,1.0,1.0
52,DISTRIBUTING_ITEMS_PERSON_CANNOT_TAKE_TWO_ITEMS_TYPE,1.0,0.2
53,COUNT_POSSIBLE_GROUPS_SIZE_2_3_SUM_MULTIPLE_3,1.0,
54,MAXIMUM_HEIGHT_OF_TRIANGULAR_ARRANGEMENT_OF_ARRAY_VALUES_1,1.0,
55,LONGEST_COMMON_SUBSEQUENCE_WITH_AT_MOST_K_CHANGES_ALLOWED,1.0,0.0
56,LONGEST_COMMON_SUBSEQUENCE_WITH_AT_MOST_K_CHANGES_ALLOWED,1.0,0.0
57,LONGEST_COMMON_SUBSEQUENCE_WITH_AT_MOST_K_CHANGES_ALLOWED,1.0,0.0
58,LONGEST_COMMON_SUBSEQUENCE_WITH_AT_MOST_K_CHANGES_ALLOWED,1.0,0.0
59,MAXIMUM_NUMBER_2X2_SQUARES_CAN_FIT_INSIDE_RIGHT_ISOSCELES_TRIANGLE,1.0,
60,CONVERTING_ONE_STRING_USING_APPEND_DELETE_LAST_OPERATIONS,1.0,0.6
61,CONVERTING_ONE_STRING_USING_APPEND_DELETE_LAST_OPERATIONS,1.0,0.3
62,CONVERTING_ONE_STRING_USING_APPEND_DELETE_LAST_OPERATIONS,1.0,0.0
63,GNOME_SORT_A_STUPID_ONE,0.0,1.0
64,FIND_WHETHER_A_GIVEN_NUMBER_IS_A_POWER_OF_4_OR_NOT,1.0,0.0
65,FIND_WHETHER_A_GIVEN_NUMBER_IS_A_POWER_OF_4_OR_NOT,1.0,0.9
66,CHECK_GIVEN_MATRIX_SPARSE_NOT,1.0,0.5
67,NTH_PENTAGONAL_NUMBER,1.0,
68,COMPUTE_AVERAGE_TWO_NUMBERS_WITHOUT_OVERFLOW_1,0.1,
69,FREQUENT_ELEMENT_ARRAY,1.0,0.5
70,FREQUENT_ELEMENT_ARRAY,1.0,0.5
71,ARRAY_ELEMENT_MOVED_K_USING_SINGLE_MOVES,1.0,1.0
72,ARRAY_ELEMENT_MOVED_K_USING_SINGLE_MOVES,1.0,0.2
73,NUMBER_NON_NEGATIVE_INTEGRAL_SOLUTIONS_B_C_N,0.0,1.0
74,NUMBER_DIGITS_PRODUCT_TWO_NUMBERS,0.0,1.0
75,NUMBER_DIGITS_PRODUCT_TWO_NUMBERS,0.0,1.0
76,FIND_SUM_MODULO_K_FIRST_N_NATURAL_NUMBER_1,0.7,
77,MEDIAN_OF_TWO_SORTED_ARRAYS,0.2,1.0
78,COUNT_PAIRS_DIFFERENCE_EQUAL_K_1,1.0,1.0
79,FAST_MULTIPLICATION_METHOD_WITHOUT_USING_MULTIPLICATION_OPERATOR_RUSSIAN_PEASANTS_ALGORITHM,1.0,1.0
80,PROGRAM_PRINT_IDENTITY_MATRIX_1,1.0,0.7272727272727273
81,MINIMUM_PERIMETER_N_BLOCKS,0.0,1.0
82,PYTHON_PROGRAM_FIND_PERIMETER_CIRCUMFERENCE_SQUARE_RECTANGLE,1.0,
83,SQUARE_ROOT_OF_A_PERFECT_SQUARE,1.0,
84,MINIMUM_ROTATIONS_REQUIRED_GET_STRING,1.0,0.1
85,ANALYSIS_OF_ALGORITHMS_SET_2_ASYMPTOTIC_ANALYSIS,1.0,0.4
86,MAXIMUM_XOR_VALUE_MATRIX,1.0,
87,COUNT_PAIRS_WHOSE_PRODUCTS_EXIST_IN_ARRAY,1.0,0.6
88,PADOVAN_SEQUENCE,0.1,1.0
89,PROGRAM_FIND_SLOPE_LINE,1.0,
90,SUM_K_TH_GROUP_ODD_POSITIVE_NUMBERS_1,1.0,
91,UGLY_NUMBERS,1.0,
92,SUM_NODES_K_TH_LEVEL_TREE_REPRESENTED_STRING,0.5,1.0
93,CHECK_IF_A_NUMBER_IS_POWER_OF_ANOTHER_NUMBER_1,0.3,
94,HIGHWAY_BILLBOARD_PROBLEM,1.0,0.0
95,TRIANGULAR_NUMBERS_1,0.5,0.0
96,TRIANGULAR_NUMBERS_1,0.5,0.0
97,FIND_THE_FIRST_MISSING_NUMBER,1.0,0.3
98,FIND_THE_FIRST_MISSING_NUMBER,1.0,1.0
99,TRIANGULAR_MATCHSTICK_NUMBER,1.0,
100,ELEMENTS_TO_BE_ADDED_SO_THAT_ALL_ELEMENTS_OF_A_RANGE_ARE_PRESENT_IN_ARRAY,1.0,
101,FIND_UNIT_DIGIT_X_RAISED_POWER_Y,1.0,0.9
102,FIND_THREE_ELEMENT_FROM_DIFFERENT_THREE_ARRAYS_SUCH_THAT_THAT_A_B_C_K,1.0,0.4
103,FINDING_POWER_PRIME_NUMBER_P_N,0.2,0.8
104,ROW_WISE_COMMON_ELEMENTS_TWO_DIAGONALS_SQUARE_MATRIX,1.0,0.4
105,PROGRAM_FOR_DEADLOCK_FREE_CONDITION_IN_OPERATING_SYSTEM,1.0,
106,PROGRAM_CHECK_ARRAY_SORTED_NOT_ITERATIVE_RECURSIVE_1,1.0,0.5
107,PROGRAM_CHECK_ARRAY_SORTED_NOT_ITERATIVE_RECURSIVE_1,1.0,0.5
108,POSSIBLE_TO_MAKE_A_DIVISIBLE_BY_3_NUMBER_USING_ALL_DIGITS_IN_AN_ARRAY,1.0,0.7
109,NTH_EVEN_LENGTH_PALINDROME,1.0,1.0
110,HORNERS_METHOD_POLYNOMIAL_EVALUATION,1.0,1.0
111,SUM_OF_ALL_ELEMENTS_UP_TO_NTH_ROW_IN_A_PASCALS_TRIANGLE,1.0,1.0
112,FIND_THE_ELEMENT_THAT_APPEARS_ONCE,0.0,1.0
113,FIND_REPEATED_CHARACTER_PRESENT_FIRST_STRING,1.0,
114,NUMBER_NON_NEGATIVE_INTEGRAL_SOLUTIONS_B_C_N_1,1.0,
115,STRING_CONTAINING_FIRST_LETTER_EVERY_WORD_GIVEN_STRING_SPACES,0.0,1.0
116,SWAP_TWO_NUMBERS_WITHOUT_USING_TEMPORARY_VARIABLE,1.0,
117,MAXIMIZE_VOLUME_CUBOID_GIVEN_SUM_SIDES_1,0.7,
118,SUM_LARGEST_PRIME_FACTOR_NUMBER_LESS_EQUAL_N,1.0,1.0
119,COUNT_NEGATIVE_NUMBERS_IN_A_COLUMN_WISE_ROW_WISE_SORTED_MATRIX,1.0,1.0
120,SUM_MATRIX_ELEMENT_ELEMENT_INTEGER_DIVISION_ROW_COLUMN,0.0,1.0
121,TOTAL_NUMBER_OF_NON_DECREASING_NUMBERS_WITH_N_DIGITS_1,1.0,1.0
122,HOW_TO_TURN_OFF_A_PARTICULAR_BIT_IN_A_NUMBER,1.0,0.0
123,POSITION_OF_RIGHTMOST_SET_BIT,1.0,
124,FIND_NUMBER_TRANSFORMATION_MAKE_TWO_MATRIX_EQUAL,1.0,0.9
125,FIND_NUMBER_TRANSFORMATION_MAKE_TWO_MATRIX_EQUAL,1.0,0.9
126,FIND_NUMBER_TRANSFORMATION_MAKE_TWO_MATRIX_EQUAL,1.0,1.0
127,MIDDLE_OF_THREE_USING_MINIMUM_COMPARISONS,1.0,1.0
128,CHECK_ARRAY_REPRESENTS_INORDER_BINARY_SEARCH_TREE_NOT,1.0,0.4
129,CHECK_ARRAY_REPRESENTS_INORDER_BINARY_SEARCH_TREE_NOT,1.0,0.4
130,CHECK_WHETHER_GIVEN_NUMBER_EVEN_ODD,1.0,
131,PROGRAM_BINARY_DECIMAL_CONVERSION,0.0,1.0
132,MAXIMUM_SUBARRAY_SUM_ARRAY_CREATED_REPEATED_CONCATENATION,0.0,
133,MINIMUM_SUM_SUBSEQUENCE_LEAST_ONE_EVERY_FOUR_CONSECUTIVE_ELEMENTS_PICKED,1.0,1.0
134,MINIMUM_SUM_SUBSEQUENCE_LEAST_ONE_EVERY_FOUR_CONSECUTIVE_ELEMENTS_PICKED,1.0,0.6
135,DETECT_IF_TWO_INTEGERS_HAVE_OPPOSITE_SIGNS,1.0,
136,CHECK_GIVEN_SENTENCE_GIVEN_SET_SIMPLE_GRAMMER_RULES,0.6,0.4
137,CHECK_GIVEN_SENTENCE_GIVEN_SET_SIMPLE_GRAMMER_RULES,0.6,0.4
138,DECIMAL_BINARY_CONVERSION_WITHOUT_USING_ARITHMETIC_OPERATORS,0.0,1.0
139,MAXIMUM_TRIPLET_SUM_ARRAY_2,0.0,1.0
140,GCD_ELEMENTS_GIVEN_RANGE,0.0,
141,HOW_CAN_WE_SUM_THE_DIGITS_OF_A_GIVEN_NUMBER_IN_SINGLE_STATEMENT,0.0,1.0
142,LONGEST_COMMON_INCREASING_SUBSEQUENCE_LCS_LIS,0.6,0.6
143,LONGEST_COMMON_INCREASING_SUBSEQUENCE_LCS_LIS,0.6,0.6
144,LONGEST_COMMON_INCREASING_SUBSEQUENCE_LCS_LIS,0.6,0.4
145,QUERIES_COUNTS_ARRAY_ELEMENTS_VALUES_GIVEN_RANGE,1.0,0.1
146,PROGRAM_TO_CHECK_IF_A_MATRIX_IS_SYMMETRIC,1.0,0.8181818181818182
147,MAXIMUM_SUM_PAIRS_SPECIFIC_DIFFERENCE,1.0,
148,COUNT_NEGATIVE_NUMBERS_IN_A_COLUMN_WISE_ROW_WISE_SORTED_MATRIX_1,1.0,0.9
149,N_TH_NUMBER_WHOSE_SUM_OF_DIGITS_IS_TEN,0.0,1.0
150,DYNAMIC_PROGRAMMING_SET_12_LONGEST_PALINDROMIC_SUBSEQUENCE,1.0,0.8
151,MODULAR_EXPONENTIATION_POWER_IN_MODULAR_ARITHMETIC,1.0,1.0
152,NUMBER_OF_PAIRS_IN_AN_ARRAY_HAVING_SUM_EQUAL_TO_PRODUCT,1.0,
153,CHECK_WHETHER_GIVEN_DEGREES_VERTICES_REPRESENT_GRAPH_TREE,0.7,0.4
154,SORT_AN_ARRAY_OF_0S_1S_AND_2S,0.2,0.8
155,FIND_MAXIMUM_AVERAGE_SUBARRAY_OF_K_LENGTH_1,1.0,0.3
156,FIND_MAXIMUM_AVERAGE_SUBARRAY_OF_K_LENGTH_1,1.0,0.0
157,FIND_MAXIMUM_AVERAGE_SUBARRAY_OF_K_LENGTH_1,1.0,0.9
158,PROGRAM_PRINT_SUM_GIVEN_NTH_TERM,1.0,1.0
159,MAXIMIZE_VOLUME_CUBOID_GIVEN_SUM_SIDES,1.0,0.9
160,NUMBER_OF_BINARY_TREES_FOR_GIVEN_PREORDER_SEQUENCE_LENGTH,0.0,1.0
161,NUMBER_OF_BINARY_TREES_FOR_GIVEN_PREORDER_SEQUENCE_LENGTH,0.0,1.0
162,SUM_MATRIX_ELEMENT_ELEMENT_INTEGER_DIVISION_ROW_COLUMN_1,0.0,
163,POSSIBLE_FORM_TRIANGLE_ARRAY_VALUES,0.7,1.0
164,POSSIBLE_FORM_TRIANGLE_ARRAY_VALUES,0.7,1.0
165,CHECK_STRING_CAN_OBTAINED_ROTATING_ANOTHER_STRING_2_PLACES,0.7,
166,FRIENDS_PAIRING_PROBLEM_2,1.0,0.9
167,FRIENDS_PAIRING_PROBLEM_2,1.0,1.0
168,PROGRAM_FIND_STRING_START_END_GEEKS,1.0,0.0
169,NEXT_POWER_OF_2,1.0,1.0
170,NEXT_POWER_OF_2,1.0,0.2
171,EFFICIENT_WAY_CHECK_WHETHER_N_TH_FIBONACCI_NUMBER_MULTIPLE_10,1.0,0.4
172,MAXIMUM_TRIPLET_SUM_ARRAY_1,1.0,
173,REARRANGE_POSITIVE_AND_NEGATIVE_NUMBERS_PUBLISH,1.0,0.3
174,WRITE_ONE_LINE_C_FUNCTION_TO_FIND_WHETHER_A_NO_IS_POWER_OF_TWO_1,1.0,
175,MAXIMUM_CONSECUTIVE_REPEATING_CHARACTER_STRING,1.0,
176,NUMBER_DAYS_TANK_WILL_BECOME_EMPTY,1.0,
177,NTH_NON_FIBONACCI_NUMBER,0.0,1.0
178,FIND_WHETHER_AN_ARRAY_IS_SUBSET_OF_ANOTHER_ARRAY_SET_1,1.0,
179,COUNT_NUMBER_PAIRS_N_B_N_GCD_B_B,0.0,1.0
180,NUMBER_DIGITS_PRODUCT_TWO_NUMBERS_1,1.0,0.0
181,COUNT_SET_BITS_IN_AN_INTEGER,1.0,1.0
182,C_PROGRAM_CONCATENATE_STRING_GIVEN_NUMBER_TIMES,1.0,1.0
183,COUNT_FIBONACCI_NUMBERS_GIVEN_RANGE_LOG_TIME,0.7,
184,SEARCH_INSERT_AND_DELETE_IN_AN_UNSORTED_ARRAY,1.0,0.4
185,NUMBER_SUBSEQUENCES_AB_STRING_REPEATED_K_TIMES,0.3,
186,SPLIT_ARRAY_ADD_FIRST_PART_END,1.0,0.7
187,COUNT_DERANGEMENTS_PERMUTATION_SUCH_THAT_NO_ELEMENT_APPEARS_IN_ITS_ORIGINAL_POSITION_1,1.0,
188,LEXICOGRAPHICAL_MAXIMUM_SUBSTRING_STRING,0.1,
189,PROGRAM_CHECK_INPUT_INTEGER_STRING,0.6,0.4
190,COUNT_INVERSIONS_OF_SIZE_THREE_IN_A_GIVE_ARRAY_1,1.0,0.4
191,PROGRAM_OCTAL_DECIMAL_CONVERSION,0.0,1.0
192,CHECK_WHETHER_NUMBER_DUCK_NUMBER_NOT,1.0,1.0
193,FIND_WHETHER_GIVEN_INTEGER_POWER_3_NOT,1.0,
194,CASSINIS_IDENTITY,0.0,
195,COMPUTE_MODULUS_DIVISION_BY_A_POWER_OF_2_NUMBER,1.0,
196,AREA_OF_A_HEXAGON,1.0,
197,SUM_FIBONACCI_NUMBERS,0.0,1.0
198,SUM_FIBONACCI_NUMBERS,0.0,1.0
199,EFFICIENT_WAY_TO_MULTIPLY_WITH_7,1.0,
200,WAYS_REMOVE_ONE_ELEMENT_BINARY_STRING_XOR_BECOMES_ZERO,0.3,1.0
201,WAYS_REMOVE_ONE_ELEMENT_BINARY_STRING_XOR_BECOMES_ZERO,0.3,1.0
202,TILING_WITH_DOMINOES,0.0,1.0
203,SCHEDULE_JOBS_SERVER_GETS_EQUAL_LOAD,1.0,0.9
204,SCHEDULE_JOBS_SERVER_GETS_EQUAL_LOAD,1.0,0.0
205,SCHEDULE_JOBS_SERVER_GETS_EQUAL_LOAD,1.0,1.0
206,SCHEDULE_JOBS_SERVER_GETS_EQUAL_LOAD,1.0,0.0
207,SUM_PAIRWISE_PRODUCTS_1,0.0,1.0
208,GIVEN_A_SORTED_AND_ROTATED_ARRAY_FIND_IF_THERE_IS_A_PAIR_WITH_A_GIVEN_SUM,1.0,0.1
209,GIVEN_A_SORTED_AND_ROTATED_ARRAY_FIND_IF_THERE_IS_A_PAIR_WITH_A_GIVEN_SUM,1.0,0.1
210,CHECK_WHETHER_ARITHMETIC_PROGRESSION_CAN_FORMED_GIVEN_ARRAY,1.0,0.6
211,CHECK_WHETHER_ARITHMETIC_PROGRESSION_CAN_FORMED_GIVEN_ARRAY,1.0,0.6
212,CHECK_WHETHER_TRIANGLE_VALID_NOT_SIDES_GIVEN,1.0,1.0
213,LEXICOGRAPHICALLY_NEXT_STRING,0.5,1.0
214,LEXICOGRAPHICALLY_NEXT_STRING,0.5,1.0
215,LEXICOGRAPHICALLY_NEXT_STRING,0.5,0.5
216,CHECK_OCCURRENCES_CHARACTER_APPEAR_TOGETHER,1.0,
217,MINIMIZE_THE_SUM_OF_DIGITS_OF_A_AND_B_SUCH_THAT_A_B_N,0.0,1.0
218,MINIMIZE_THE_SUM_OF_DIGITS_OF_A_AND_B_SUCH_THAT_A_B_N,0.0,1.0
219,NUMBER_INDEXES_EQUAL_ELEMENTS_GIVEN_RANGE,1.0,0.1
220,COUNT_POSSIBLE_DECODINGS_GIVEN_DIGIT_SEQUENCE_1,0.8,1.0
221,FIND_MIRROR_IMAGE_POINT_2_D_PLANE,1.0,
222,FIND_MAXIMUM_PRODUCT_OF_A_TRIPLET_IN_ARRAY_1,1.0,0.1
223,ZECKENDORFS_THEOREM_NON_NEIGHBOURING_FIBONACCI_REPRESENTATION,0.0,1.0
224,K_NUMBERS_DIFFERENCE_MAXIMUM_MINIMUM_K_NUMBER_MINIMIZED,0.2,
225,COMPUTE_N_UNDER_MODULO_P,1.0,0.4
226,COMPUTE_N_UNDER_MODULO_P,1.0,1.0
227,LARGEST_SUBSEQUENCE_GCD_GREATER_1,0.6,0.7
228,COUNT_OF_PAIRS_SATISFYING_THE_GIVEN_CONDITION,1.0,0.0
229,COUNT_OF_PAIRS_SATISFYING_THE_GIVEN_CONDITION,1.0,0.8
230,COUNT_OPERATIONS_MAKE_STRINGAB_FREE,0.8,
231,SORT_ARRAY_CONTAIN_1_N_VALUES,1.0,1.0
232,BINARY_REPRESENTATION_OF_NEXT_NUMBER,0.5,1.0
233,BINARY_REPRESENTATION_OF_NEXT_NUMBER,0.5,1.0
234,MINIMUM_OPERATIONS_MAKE_GCD_ARRAY_MULTIPLE_K,1.0,1.0
235,COUNT_EVEN_LENGTH_BINARY_SEQUENCES_WITH_SAME_SUM_OF_FIRST_AND_SECOND_HALF_BITS_1,0.5,1.0
236,FIND_MAXIMUM_HEIGHT_PYRAMID_FROM_THE_GIVEN_ARRAY_OF_OBJECTS,1.0,1.0
237,NUMBER_SUBSEQUENCES_FORM_AI_BJ_CK,0.6,0.4
238,EULERS_CRITERION_CHECK_IF_SQUARE_ROOT_UNDER_MODULO_P_EXISTS,1.0,0.3
239,FIND_INDEX_0_REPLACED_1_GET_LONGEST_CONTINUOUS_SEQUENCE_1S_BINARY_ARRAY,1.0,1.0
240,FIND_INDEX_0_REPLACED_1_GET_LONGEST_CONTINUOUS_SEQUENCE_1S_BINARY_ARRAY,1.0,0.4
241,LONGEST_SUBSEQUENCE_SUCH_THAT_DIFFERENCE_BETWEEN_ADJACENTS_IS_ONE,0.8,0.6
242,FIRST_ELEMENT_OCCURRING_K_TIMES_ARRAY,1.0,0.5
243,PRIME_NUMBERS,1.0,0.8
244,PRIME_NUMBERS,1.0,0.8
245,MAXIMUM_SUM_IARRI_AMONG_ROTATIONS_GIVEN_ARRAY_1,1.0,1.0
246,MAXIMUM_SUM_IARRI_AMONG_ROTATIONS_GIVEN_ARRAY_1,1.0,0.9
247,MAXIMUM_SUM_IARRI_AMONG_ROTATIONS_GIVEN_ARRAY_1,1.0,1.0
248,AREA_SQUARE_CIRCUMSCRIBED_CIRCLE,1.0,
249,MAXIMUM_PROFIT_BY_BUYING_AND_SELLING_A_SHARE_AT_MOST_TWICE,0.5,
250,PRODUCT_NODES_K_TH_LEVEL_TREE_REPRESENTED_STRING,0.4,1.0
251,COUNT_MINIMUM_NUMBER_SUBSETS_SUBSEQUENCES_CONSECUTIVE_NUMBERS,1.0,0.9
252,BREAKING_NUMBER_FIRST_PART_INTEGRAL_DIVISION_SECOND_POWER_10,1.0,0.4
253,DECIMAL_REPRESENTATION_GIVEN_BINARY_STRING_DIVISIBLE_10_NOT,1.0,0.2
254,DECIMAL_REPRESENTATION_GIVEN_BINARY_STRING_DIVISIBLE_10_NOT,1.0,0.5
255,DECIMAL_REPRESENTATION_GIVEN_BINARY_STRING_DIVISIBLE_10_NOT,1.0,0.5
256,MAXIMUM_REMOVAL_FROM_ARRAY_WHEN_REMOVAL_TIME_WAITING_TIME,1.0,
257,MAXIMUM_TRIPLET_SUM_ARRAY,1.0,1.0
258,LEXICOGRAPHICALLY_SMALLEST_ARRAY_K_CONSECUTIVE_SWAPS,0.6,0.4
259,COUNT_DISTINCT_NON_NEGATIVE_PAIRS_X_Y_SATISFY_INEQUALITY_XX_YY_N_2_1,0.0,1.0
260,CHECK_IF_A_NUMBER_IS_POWER_OF_ANOTHER_NUMBER,1.0,0.4
261,NUMBER_JUMP_REQUIRED_GIVEN_LENGTH_REACH_POINT_FORM_D_0_ORIGIN_2D_PLANE,0.6,0.4
262,NUMBER_JUMP_REQUIRED_GIVEN_LENGTH_REACH_POINT_FORM_D_0_ORIGIN_2D_PLANE,0.6,0.4
263,NUMBER_JUMP_REQUIRED_GIVEN_LENGTH_REACH_POINT_FORM_D_0_ORIGIN_2D_PLANE,0.6,0.4
264,HOW_TO_AVOID_OVERFLOW_IN_MODULAR_MULTIPLICATION,1.0,1.0
265,POSITION_ELEMENT_STABLE_SORT,1.0,1.0
266,COIN_GAME_WINNER_EVERY_PLAYER_THREE_CHOICES,1.0,
267,MAXIMUM_PRODUCT_SUBARRAY_ADDED_NEGATIVE_PRODUCT_CASE,0.9,
268,WRITE_A_C_PROGRAM_TO_FIND_THE_PARITY_OF_AN_UNSIGNED_INTEGER,0.5,0.5
269,MINIMUM_SUM_TWO_NUMBERS_FORMED_DIGITS_ARRAY,1.0,
270,COUNT_PAIRS_TWO_SORTED_ARRAYS_WHOSE_SUM_EQUAL_GIVEN_VALUE_X_2,1.0,0.3
271,SUM_SERIES_0_6_0_06_0_006_0_0006_N_TERMS,0.7,
272,INTEGER_POSITIVE_VALUE_POSITIVE_NEGATIVE_VALUE_ARRAY_1,1.0,
273,PROGRAM_TO_FIND_REMAINDER_WITHOUT_USING_MODULO_OR_OPERATOR,0.1,
274,FIND_FIRST_NATURAL_NUMBER_WHOSE_FACTORIAL_DIVISIBLE_X,1.0,1.0
275,COUNT_STRINGS_ADJACENT_CHARACTERS_DIFFERENCE_ONE,0.0,
276,MINIMUM_HEIGHT_TRIANGLE_GIVEN_BASE_AREA,1.0,
277,LEXICOGRAPHICALLY_MINIMUM_STRING_ROTATION,0.1,1.0
278,FIND_SUM_NODES_GIVEN_PERFECT_BINARY_TREE_1,1.0,
279,SUM_SEQUENCE_2_22_222,1.0,
280,PROGRAM_TO_FIND_REMAINDER_WITHOUT_USING_MODULO_OR_OPERATOR_1,1.0,0.0
281,PROGRAM_TO_FIND_REMAINDER_WITHOUT_USING_MODULO_OR_OPERATOR_1,1.0,0.0
282,PROGRAM_TO_FIND_REMAINDER_WITHOUT_USING_MODULO_OR_OPERATOR_1,1.0,1.0
283,PROGRAM_TO_FIND_REMAINDER_WITHOUT_USING_MODULO_OR_OPERATOR_1,1.0,0.0
284,COUNT_CHARACTERS_POSITION_ENGLISH_ALPHABETS,0.4,0.6
285,BREAK_NUMBER_THREE_PARTS,0.0,1.0
286,MAXIMUM_POSSIBLE_DIFFERENCE_TWO_SUBSETS_ARRAY,0.3,0.8
287,POSITION_OF_RIGHTMOST_SET_BIT_1,1.0,1.0
288,MINIMUM_INSERTIONS_SORT_ARRAY,1.0,1.0
289,MINIMUM_NUMBER_SUBSETS_DISTINCT_ELEMENTS,0.1,1.0
290,REARRANGE_ARRAY_MAXIMUM_MINIMUM_FORM_SET_2_O1_EXTRA_SPACE_1,1.0,1.0
291,COUNT_TOTAL_SET_BITS_IN_ALL_NUMBERS_FROM_1_TO_N,0.0,1.0
292,CHECK_STRING_FOLLOWS_ANBN_PATTERN_NOT,1.0,0.1
293,CHECK_STRING_FOLLOWS_ANBN_PATTERN_NOT,1.0,0.9
294,MAXIMUM_NUMBER_CHARACTERS_TWO_CHARACTER_STRING,1.0,0.3
295,COMPUTE_AVERAGE_TWO_NUMBERS_WITHOUT_OVERFLOW,0.3,
296,MINIMIZE_THE_MAXIMUM_DIFFERENCE_BETWEEN_THE_HEIGHTS,1.0,0.4
297,MINIMIZE_THE_MAXIMUM_DIFFERENCE_BETWEEN_THE_HEIGHTS,1.0,0.7
298,MINIMIZE_THE_MAXIMUM_DIFFERENCE_BETWEEN_THE_HEIGHTS,1.0,0.4
299,NEXT_POWER_OF_2_2,1.0,
300,FIND_WHETHER_A_GIVEN_NUMBER_IS_A_POWER_OF_4_OR_NOT_1,1.0,0.9
301,NUMBER_RECTANGLES_NM_GRID,1.0,
302,SQUARE_PYRAMIDAL_NUMBER_SUM_SQUARES,0.9,0.6
303,FIND_REPETITIVE_ELEMENT_1_N_1_2,1.0,0.9
304,FIND_DIFFERENCE_BETWEEN_SUMS_OF_TWO_DIAGONALS_1,1.0,
305,K_TH_DISTINCT_OR_NON_REPEATING_ELEMENT_IN_AN_ARRAY,0.6,0.4
306,NON_REPEATING_ELEMENT,0.0,0.7
307,PROGRAM_TO_FIND_THE_VOLUME_OF_A_TRIANGULAR_PRISM,1.0,
308,PROBABILITY_THREE_RANDOMLY_CHOSEN_NUMBERS_AP,1.0,
309,CHECK_GIVEN_CIRCLE_LIES_COMPLETELY_INSIDE_RING_FORMED_TWO_CONCENTRIC_CIRCLES,1.0,
310,ADD_1_TO_A_GIVEN_NUMBER_1,1.0,
311,FIND_POSITION_GIVEN_NUMBER_AMONG_NUMBERS_MADE_4_7,0.0,
312,SMALLEST_OF_THREE_INTEGERS_WITHOUT_COMPARISON_OPERATORS_1,0.1,0.9
313,MIDDLE_OF_THREE_USING_MINIMUM_COMPARISONS_2,0.4,1.0
314,FIND_DIFFERENCE_BETWEEN_SUMS_OF_TWO_DIAGONALS,1.0,
315,CONVERT_STRICTLY_INCREASING_ARRAY_MINIMUM_CHANGES,1.0,0.9
316,MAXIMIZE_SUM_ARRII,1.0,0.9
317,COUNT_NUMBER_OF_OCCURRENCES_OR_FREQUENCY_IN_A_SORTED_ARRAY,1.0,0.7
318,LENGTH_LONGEST_SUB_STRING_CAN_MAKE_REMOVED,1.0,0.1
319,FIND_PAIR_WITH_GREATEST_PRODUCT_IN_ARRAY,1.0,0.6
320,PROGRAM_AREA_SQUARE,1.0,
321,FINDING_POWER_PRIME_NUMBER_P_N_1,1.0,0.5
322,PROGRAM_FIND_SMALLEST_DIFFERENCE_ANGLES_TWO_PARTS_GIVEN_CIRCLE,1.0,0.9
323,PROGRAM_BINARY_DECIMAL_CONVERSION_1,1.0,
324,PROGRAM_CALCULATE_VOLUME_OCTAHEDRON,0.0,
325,CEILING_IN_A_SORTED_ARRAY,0.9,0.2
326,CEILING_IN_A_SORTED_ARRAY,0.9,0.7
327,COUNT_ENTRIES_EQUAL_TO_X_IN_A_SPECIAL_MATRIX,1.0,0.8
328,FIND_WHETHER_A_GIVEN_NUMBER_IS_A_POWER_OF_4_OR_NOT_2,1.0,
329,SQUARED_TRIANGULAR_NUMBER_SUM_CUBES,1.0,0.1
330,EVEN_FIBONACCI_NUMBERS_SUM,1.0,1.0
331,EVEN_FIBONACCI_NUMBERS_SUM,1.0,0.0
332,AREA_OF_THE_CIRCLE_THAT_HAS_A_SQUARE_AND_A_CIRCLE_INSCRIBED_IN_IT,1.0,
333,DYNAMIC_PROGRAMMING_SET_36_CUT_A_ROPE_TO_MAXIMIZE_PRODUCT_1,1.0,0.1
334,DYNAMIC_PROGRAMMING_SET_36_CUT_A_ROPE_TO_MAXIMIZE_PRODUCT_1,1.0,1.0
335,COUNT_NUMBER_OF_WAYS_TO_COVER_A_DISTANCE_1,1.0,1.0
336,CHANGE_BITS_CAN_MADE_ONE_FLIP,1.0,0.3
337,PRIMALITY_TEST_SET_5USING_LUCAS_LEHMER_SERIES,1.0,0.2
338,FUNCTION_COPY_STRING_ITERATIVE_RECURSIVE_1,0.0,
339,SMALLEST_POWER_OF_2_GREATER_THAN_OR_EQUAL_TO_N,1.0,0.9
340,SMALLEST_POWER_OF_2_GREATER_THAN_OR_EQUAL_TO_N,1.0,0.1
341,DYCK_PATH,0.0,1.0
342,CEILING_IN_A_SORTED_ARRAY_1,1.0,0.9
343,CHECK_WHETHER_TWO_STRINGS_ARE_ANAGRAM_OF_EACH_OTHER,1.0,1.0
344,CHECK_WHETHER_TWO_STRINGS_ARE_ANAGRAM_OF_EACH_OTHER,1.0,1.0
345,MAXIMIZE_SUM_CONSECUTIVE_DIFFERENCES_CIRCULAR_ARRAY,1.0,
346,GOOGLE_CASE_GIVEN_SENTENCE,0.0,1.0
347,SUM_PAIRWISE_PRODUCTS,1.0,1.0
348,HEIGHT_COMPLETE_BINARY_TREE_HEAP_N_NODES,1.0,
349,SUM_BINOMIAL_COEFFICIENTS_1,0.0,
350,COUNT_NUMBER_OF_WAYS_TO_FILL_A_N_X_4_GRID_USING_1_X_4_TILES,1.0,1.0
351,SUBSET_SUM_DIVISIBLE_M,1.0,
352,MINIMUM_DIFFERENCE_MAX_MIN_K_SIZE_SUBSETS,0.9,0.5
353,MAKING_ELEMENTS_OF_TWO_ARRAYS_SAME_WITH_MINIMUM_INCREMENTDECREMENT,1.0,0.9
354,PROGRAM_CALCULATE_VOLUME_ELLIPSOID,1.0,
355,C_PROGRAM_FACTORIAL_NUMBER_1,1.0,1.0
356,COUNT_SUBSTRINGS_WITH_SAME_FIRST_AND_LAST_CHARACTERS,1.0,1.0
357,SQUARE_ROOT_OF_AN_INTEGER,0.2,0.8
358,SQUARE_ROOT_OF_AN_INTEGER,0.2,1.0
359,FIND_PERIMETER_CYLINDER,1.0,
360,REARRANGE_ARRAY_MAXIMUM_MINIMUM_FORM_SET_2_O1_EXTRA_SPACE,1.0,0.8
361,REARRANGE_ARRAY_MAXIMUM_MINIMUM_FORM_SET_2_O1_EXTRA_SPACE,1.0,0.8
362,MAXIMUM_PRODUCT_OF_4_ADJACENT_ELEMENTS_IN_MATRIX,1.0,1.0
363,PROGRAM_CIRCUMFERENCE_PARALLELOGRAM,1.0,
364,MINIMUM_SUM_SQUARES_CHARACTERS_COUNTS_GIVEN_STRING_REMOVING_K_CHARACTERS,1.0,0.0
365,MINIMUM_SUM_SQUARES_CHARACTERS_COUNTS_GIVEN_STRING_REMOVING_K_CHARACTERS,1.0,0.0
366,FIRST_UPPERCASE_LETTER_IN_A_STRING_ITERATIVE_AND_RECURSIVE,0.0,0.1
367,COUNT_SET_BITS_IN_AN_INTEGER_2,1.0,1.0
368,SUM_PAIRWISE_PRODUCTS_2,1.0,
369,MAXIMUM_PRODUCT_SUBSET_ARRAY,1.0,0.7
370,MAXIMUM_PRODUCT_SUBSET_ARRAY,1.0,0.7
371,MAXIMUM_PRODUCT_SUBSET_ARRAY,1.0,0.7
372,SORT_ARRAY_TWO_HALVES_SORTED,0.5,
373,PYTHAGOREAN_QUADRUPLE,1.0,
374,FIND_THE_NUMBER_OCCURRING_ODD_NUMBER_OF_TIMES,1.0,1.0
375,FIND_INDEX_OF_AN_EXTRA_ELEMENT_PRESENT_IN_ONE_SORTED_ARRAY,1.0,0.8
376,HOW_CAN_WE_SUM_THE_DIGITS_OF_A_GIVEN_NUMBER_IN_SINGLE_STATEMENT_2,0.1,
377,SMALLEST_SUM_CONTIGUOUS_SUBARRAY,1.0,1.0
378,CAESAR_CIPHER,0.0,1.0
379,CHECK_IF_X_CAN_GIVE_CHANGE_TO_EVERY_PERSON_IN_THE_QUEUE,1.0,0.7
380,N_TH_TERM_SERIES_2_12_36_80_150,1.0,
381,HOW_TO_CHECK_IF_A_GIVEN_ARRAY_REPRESENTS_A_BINARY_HEAP_1,1.0,0.8
382,MINIMUM_TIME_TO_FINISH_TASKS_WITHOUT_SKIPPING_TWO_CONSECUTIVE,1.0,1.0
383,NUMBER_OF_TRIANGLES_IN_A_PLANE_IF_NO_MORE_THAN_TWO_POINTS_ARE_COLLINEAR,1.0,
384,FIND_THE_MISSING_NUMBER_2,0.0,1.0
385,FIND_THE_MISSING_NUMBER_2,0.0,0.8
386,DIFFERENCE_BETWEEN_HIGHEST_AND_LEAST_FREQUENCIES_IN_AN_ARRAY,1.0,
387,DECODE_MEDIAN_STRING_ORIGINAL_STRING,0.0,0.9
388,COUNT_PAIRS_DIFFERENCE_EQUAL_K,1.0,0.4
389,COUNT_OBTUSE_ANGLES_CIRCLE_K_EQUIDISTANT_POINTS_2_GIVEN_POINTS,1.0,0.0
390,FIND_SUM_MODULO_K_FIRST_N_NATURAL_NUMBER,1.0,0.9
391,MINIMUM_SUM_TWO_NUMBERS_FORMED_DIGITS_ARRAY_2,1.0,0.9
392,REPLACE_OCCURRENCES_STRING_AB_C_WITHOUT_USING_EXTRA_SPACE,0.7,
393,MINIMUM_PRODUCT_SUBSET_ARRAY,1.0,
394,TURN_OFF_THE_RIGHTMOST_SET_BIT,1.0,
395,CHECK_LINE_PASSES_ORIGIN,1.0,
396,SMALLEST_OF_THREE_INTEGERS_WITHOUT_COMPARISON_OPERATORS,1.0,1.0
397,PERFECT_REVERSIBLE_STRING,1.0,0.5
398,SUM_MATRIX_ELEMENT_ABSOLUTE_DIFFERENCE_ROW_COLUMN_NUMBERS_1,1.0,1.0
399,SUM_DIVISORS_1_N_1,0.0,1.0
400,CHECK_VALID_SEQUENCE_DIVISIBLE_M_1,1.0,0.1
401,MAXIMUM_CONSECUTIVE_REPEATING_CHARACTER_STRING_1,1.0,1.0
402,SORT_EVEN_NUMBERS_ASCENDING_ORDER_SORT_ODD_NUMBERS_DESCENDING_ORDER_1,1.0,0.9
403,LCS_FORMED_CONSECUTIVE_SEGMENTS_LEAST_LENGTH_K,0.0,
404,SWAP_BITS_IN_A_GIVEN_NUMBER,1.0,
405,ROUND_THE_GIVEN_NUMBER_TO_NEAREST_MULTIPLE_OF_10,0.1,
406,DOUBLE_FACTORIAL_1,0.2,1.0
407,MINIMUM_COST_FOR_ACQUIRING_ALL_COINS_WITH_K_EXTRA_COINS_ALLOWED_WITH_EVERY_COIN,1.0,0.2
408,PROGRAM_TO_FIND_THE_AREA_OF_PENTAGON,0.0,
409,FIND_SUM_EVEN_INDEX_BINOMIAL_COEFFICIENTS_1,1.0,
410,FIND_LAST_DIGIT_FACTORIAL_DIVIDES_FACTORIAL_B,1.0,0.5
411,MAXIMUM_HEIGHT_OF_TRIANGULAR_ARRANGEMENT_OF_ARRAY_VALUES,1.0,0.8
412,SUM_SUBSETS_SET_FORMED_FIRST_N_NATURAL_NUMBERS,1.0,
413,CHECK_WHETHER_GIVEN_NUMBER_EVEN_ODD_1,1.0,0.6
414,PROGRAM_PRINT_SUM_GIVEN_NTH_TERM_1,1.0,
415,SUM_MATRIX_ELEMENT_ABSOLUTE_DIFFERENCE_ROW_COLUMN_NUMBERS_2,1.0,
416,TRIANGULAR_NUMBERS,1.0,0.1
417,TRIANGULAR_NUMBERS,1.0,0.1
418,COUNT_NUMBER_OF_SOLUTIONS_OF_X2_1_MOD_P_IN_GIVEN_RANGE,0.0,0.9
419,PYTHON_PROGRAM_FIND_PERIMETER_CIRCUMFERENCE_SQUARE_RECTANGLE_1,1.0,
420,HEXAGONAL_NUMBER,0.0,
421,PAINTING_FENCE_ALGORITHM,1.0,1.0
422,SUBSEQUENCES_SIZE_THREE_ARRAY_WHOSE_SUM_DIVISIBLE_M,1.0,0.8
423,COUNT_DIGITS_FACTORIAL_SET_1,1.0,1.0
424,COUNT_DIGITS_FACTORIAL_SET_1,1.0,1.0
425,MULTIPLY_AN_INTEGER_WITH_3_5,1.0,
426,COUNT_FREQUENCY_K_MATRIX_SIZE_N_MATRIXI_J_IJ,1.0,1.0
427,MINIMUM_INCREMENT_K_OPERATIONS_MAKE_ELEMENTS_EQUAL,1.0,0.9
428,ELEMENTS_TO_BE_ADDED_SO_THAT_ALL_ELEMENTS_OF_A_RANGE_ARE_PRESENT_IN_ARRAY_1,0.0,1.0
429,PIZZA_CUT_PROBLEM_CIRCLE_DIVISION_LINES,1.0,
430,MINIMUM_NUMBER_PLATFORMS_REQUIRED_RAILWAYBUS_STATION,0.6,1.0
431,COUNT_INDEX_PAIRS_EQUAL_ELEMENTS_ARRAY,1.0,0.4
432,MINIMIZE_SUM_PRODUCT_TWO_ARRAYS_PERMUTATIONS_ALLOWED,1.0,0.8
433,ADD_1_TO_A_GIVEN_NUMBER,1.0,0.7
434,MAXIMUM_DIFFERENCE_SUM_ELEMENTS_TWO_ROWS_MATRIX,1.0,
435,COUNT_FACTORIAL_NUMBERS_IN_A_GIVEN_RANGE,1.0,0.1
436,MAXIMUM_SUM_IARRI_AMONG_ROTATIONS_GIVEN_ARRAY,1.0,1.0
437,PROGRAM_FOR_FACTORIAL_OF_A_NUMBER_1,1.0,1.0
438,FIND_THE_ELEMENT_BEFORE_WHICH_ALL_THE_ELEMENTS_ARE_SMALLER_THAN_IT_AND_AFTER_WHICH_ALL_ARE_GREATER_THAN_IT,1.0,0.3
439,FIND_THE_ELEMENT_BEFORE_WHICH_ALL_THE_ELEMENTS_ARE_SMALLER_THAN_IT_AND_AFTER_WHICH_ALL_ARE_GREATER_THAN_IT,1.0,0.3
440,CIRCLE_LATTICE_POINTS,1.0,0.3
441,CIRCLE_LATTICE_POINTS,1.0,0.3
442,CHECK_IF_ALL_THE_ELEMENTS_CAN_BE_MADE_OF_SAME_PARITY_BY_INVERTING_ADJACENT_ELEMENTS,1.0,0.9
443,CHECK_SUMS_TH_ROW_TH_COLUMN_MATRIX,1.0,
444,FIND_THE_MISSING_NUMBER_1,1.0,1.0
445,PROGRAM_CALCULATE_AREA_OCTAGON,1.0,
446,COUNT_SUBARRAYS_WITH_SAME_EVEN_AND_ODD_ELEMENTS,1.0,1.0
447,COUNT_SORTED_ROWS_MATRIX,0.7,0.3
448,COUNT_SORTED_ROWS_MATRIX,0.7,0.3
449,NUMBER_N_DIGIT_STEPPING_NUMBERS,0.0,1.0
450,NUMBER_N_DIGIT_STEPPING_NUMBERS,0.0,1.0
451,NUMBER_N_DIGIT_STEPPING_NUMBERS,0.0,1.0
452,TEMPLE_OFFERINGS,0.1,0.9
453,DIAGONALLY_DOMINANT_MATRIX,1.0,0.7
454,DYNAMIC_PROGRAMMING_SET_14_MAXIMUM_SUM_INCREASING_SUBSEQUENCE,1.0,
455,FIND_THE_MAXIMUM_ELEMENT_IN_AN_ARRAY_WHICH_IS_FIRST_INCREASING_AND_THEN_DECREASING,0.7,0.7
456,FIND_MAXIMUM_PRODUCT_OF_A_TRIPLET_IN_ARRAY,1.0,0.9
457,SPLIT_N_MAXIMUM_COMPOSITE_NUMBERS,1.0,1.0
458,SPLIT_N_MAXIMUM_COMPOSITE_NUMBERS,1.0,0.3
459,SPLIT_N_MAXIMUM_COMPOSITE_NUMBERS,1.0,0.4
460,SPLIT_N_MAXIMUM_COMPOSITE_NUMBERS,1.0,0.0
461,SPLIT_N_MAXIMUM_COMPOSITE_NUMBERS,1.0,0.2
462,SWAP_TWO_NIBBLES_BYTE,1.0,
463,CHECK_POSSIBLE_SORT_ARRAY_CONDITIONAL_SWAPPING_ADJACENT_ALLOWED,1.0,0.4
464,FIND_INDEX_OF_AN_EXTRA_ELEMENT_PRESENT_IN_ONE_SORTED_ARRAY_1,1.0,1.0
465,WRITE_ONE_LINE_C_FUNCTION_TO_FIND_WHETHER_A_NO_IS_POWER_OF_TWO,1.0,0.6
466,WRITE_ONE_LINE_C_FUNCTION_TO_FIND_WHETHER_A_NO_IS_POWER_OF_TWO,1.0,0.0
467,MAXIMUM_NUMBER_OF_SQUARES_THAT_CAN_BE_FIT_IN_A_RIGHT_ANGLE_ISOSCELES_TRIANGLE,0.0,
468,LONGEST_INCREASING_ODD_EVEN_SUBSEQUENCE,1.0,1.0
469,MARKOV_MATRIX,1.0,0.7
470,NUMBER_ORDERED_PAIRS_AI_AJ_0,1.0,1.0
471,UNIQUE_CELLS_BINARY_MATRIX,0.4,
472,MINIMUM_COST_MAKE_ARRAY_SIZE_1_REMOVING_LARGER_PAIRS,1.0,0.3
473,PROGRAM_COUNT_OCCURRENCE_GIVEN_CHARACTER_STRING,1.0,0.4
474,FIND_REPETITIVE_ELEMENT_1_N_1,0.0,1.0
475,BREAK_NUMBER_THREE_PARTS_1,1.0,
476,N_TH_NUMBER_WHOSE_SUM_OF_DIGITS_IS_TEN_2,1.0,
477,CENTER_ELEMENT_OF_MATRIX_EQUALS_SUMS_OF_HALF_DIAGONALS,0.0,
478,SMALLEST_DIFFERENCE_PAIR_VALUES_TWO_UNSORTED_ARRAYS,1.0,
479,COUNT_ARRAYS_CONSECUTIVE_ELEMENT_DIFFERENT_VALUES,0.0,1.0
480,MAXIMUM_LENGTH_PREFIX_ONE_STRING_OCCURS_SUBSEQUENCE_ANOTHER,1.0,0.4
481,SMALLEST_POWER_OF_2_GREATER_THAN_OR_EQUAL_TO_N_1,1.0,1.0
482,SMALLEST_POWER_OF_2_GREATER_THAN_OR_EQUAL_TO_N_1,1.0,0.0
483,FIND_A_FIXED_POINT_IN_A_GIVEN_ARRAY,1.0,0.3
484,PAIR_WITH_GIVEN_PRODUCT_SET_1_FIND_IF_ANY_PAIR_EXISTS,1.0,0.3
485,SUM_OF_ALL_ELEMENTS_UP_TO_NTH_ROW_IN_A_PASCALS_TRIANGLE_1,1.0,
486,MAXIMUM_SUM_SUBSEQUENCE_LEAST_K_DISTANT_ELEMENTS,1.0,0.7
487,ADD_TWO_NUMBERS_WITHOUT_USING_ARITHMETIC_OPERATORS,1.0,0.0
488,C_PROGRAM_FIND_LARGEST_ELEMENT_ARRAY_1,0.3,
489,NUMBER_TRIANGLES_N_MOVES,1.0,1.0
490,CHECK_IF_A_NUMBER_IS_JUMBLED_OR_NOT,0.5,0.5
491,CHECK_IF_A_NUMBER_IS_JUMBLED_OR_NOT,0.5,0.5
492,QUICK_WAY_CHECK_CHARACTERS_STRING,1.0,0.4
493,MINIMUM_FLIP_REQUIRED_MAKE_BINARY_MATRIX_SYMMETRIC_1,1.0,0.9
494,SUM_SERIES_12_32_52_2N_12,0.0,1.0
495,COUNT_STRINGS_CAN_FORMED_USING_B_C_GIVEN_CONSTRAINTS_1,0.0,
496,COUNT_PAIRS_TWO_SORTED_ARRAYS_WHOSE_SUM_EQUAL_GIVEN_VALUE_X,1.0,0.1
497,K_TH_DISTINCT_OR_NON_REPEATING_ELEMENT_IN_AN_ARRAY_1,,0.4
498,K_TH_DISTINCT_OR_NON_REPEATING_ELEMENT_IN_AN_ARRAY_1,,0.4
499,K_TH_DISTINCT_OR_NON_REPEATING_ELEMENT_IN_AN_ARRAY_1,,0.4
500,K_TH_PRIME_FACTOR_GIVEN_NUMBER,,0.2
501,K_TH_PRIME_FACTOR_GIVEN_NUMBER,,0.4
502,K_TH_PRIME_FACTOR_GIVEN_NUMBER,,0.3
503,CHECK_IF_STRING_REMAINS_PALINDROME_AFTER_REMOVING_GIVEN_NUMBER_OF_CHARACTERS,,0.4
504,MAXIMUM_VALUE_CHOICE_EITHER_DIVIDING_CONSIDERING,,1.0
505,LENGTH_LONGEST_STRICT_BITONIC_SUBSEQUENCE,,1.0
506,LENGTH_LONGEST_STRICT_BITONIC_SUBSEQUENCE,,0.9
507,INTEGER_POSITIVE_VALUE_POSITIVE_NEGATIVE_VALUE_ARRAY,,1.0
508,SUM_K_TH_GROUP_ODD_POSITIVE_NUMBERS,,1.0
509,SUBSEQUENCES_SIZE_THREE_ARRAY_WHOSE_SUM_DIVISIBLE_M_1,,0.8
510,SUBSEQUENCES_SIZE_THREE_ARRAY_WHOSE_SUM_DIVISIBLE_M_1,,0.8
511,LENGTH_OF_THE_LONGEST_ARITHMATIC_PROGRESSION_IN_A_SORTED_ARRAY,,0.7
512,LENGTH_OF_THE_LONGEST_ARITHMATIC_PROGRESSION_IN_A_SORTED_ARRAY,,0.6
513,FIND_INDEX_GIVEN_FIBONACCI_NUMBER_CONSTANT_TIME,,1.0
514,MAXIMUM_CONSECUTIVE_NUMBERS_PRESENT_ARRAY,,1.0
515,MAXIMUM_CONSECUTIVE_NUMBERS_PRESENT_ARRAY,,1.0
516,COUNT_NUMBERS_CAN_CONSTRUCTED_USING_TWO_NUMBERS,,0.8
517,COUNT_NUMBERS_CAN_CONSTRUCTED_USING_TWO_NUMBERS,,0.8
518,MULTIPLY_LARGE_NUMBERS_REPRESENTED_AS_STRINGS,,1.0
519,MULTIPLY_LARGE_NUMBERS_REPRESENTED_AS_STRINGS,,1.0
520,MULTIPLY_LARGE_NUMBERS_REPRESENTED_AS_STRINGS,,1.0
521,COUNT_PAIRS_WHOSE_PRODUCTS_EXIST_IN_ARRAY_1,,0.5
522,COUNT_TRAILING_ZEROES_FACTORIAL_NUMBER,,0.9
523,COUNT_PAIRS_TWO_SORTED_ARRAYS_WHOSE_SUM_EQUAL_GIVEN_VALUE_X_1,,1.0
524,COUNT_PAIRS_TWO_SORTED_ARRAYS_WHOSE_SUM_EQUAL_GIVEN_VALUE_X_1,,0.2
525,NTH_MULTIPLE_NUMBER_FIBONACCI_SERIES,,1.0
526,STRING_K_DISTINCT_CHARACTERS_NO_CHARACTERS_ADJACENT,,1.0
527,STRING_K_DISTINCT_CHARACTERS_NO_CHARACTERS_ADJACENT,,1.0
528,FORM_MINIMUM_NUMBER_FROM_GIVEN_SEQUENCE_1,,1.0
529,FORM_MINIMUM_NUMBER_FROM_GIVEN_SEQUENCE_1,,1.0
530,MAXIMUM_SUM_BITONIC_SUBARRAY,,0.9
531,FIND_MINIMUM_NUMBER_DIVIDED_MAKE_NUMBER_PERFECT_SQUARE,,0.9
532,FIND_MINIMUM_NUMBER_DIVIDED_MAKE_NUMBER_PERFECT_SQUARE,,0.3
533,FIND_MINIMUM_NUMBER_DIVIDED_MAKE_NUMBER_PERFECT_SQUARE,,0.9
534,FIND_MINIMUM_NUMBER_DIVIDED_MAKE_NUMBER_PERFECT_SQUARE,,0.1
535,COUNT_POSSIBLE_WAYS_TO_CONSTRUCT_BUILDINGS,,1.0
536,FIND_SUM_EVEN_FACTORS_NUMBER,,1.0
537,FIND_SUM_EVEN_FACTORS_NUMBER,,1.0
538,FIND_SUM_EVEN_FACTORS_NUMBER,,0.4
539,CHECK_LARGE_NUMBER_DIVISIBLE_13_NOT,,0.6
540,SEARCH_INSERT_AND_DELETE_IN_A_SORTED_ARRAY,,1.0
541,POSITIVE_ELEMENTS_EVEN_NEGATIVE_ODD_POSITIONS,,0.3
542,FIND_VALUE_OF_Y_MOD_2_RAISED_TO_POWER_X,,0.0
543,FIND_VALUE_OF_Y_MOD_2_RAISED_TO_POWER_X,,0.0
544,COUNT_INDEX_PAIRS_EQUAL_ELEMENTS_ARRAY_1,,0.6
545,COUNT_INDEX_PAIRS_EQUAL_ELEMENTS_ARRAY_1,,0.6
546,HARDY_RAMANUJAN_THEOREM,,0.3
547,HARDY_RAMANUJAN_THEOREM,,1.0
548,HARDY_RAMANUJAN_THEOREM,,0.7
549,PROGRAM_CHECK_PLUS_PERFECT_NUMBER,,0.2
550,PROGRAM_CHECK_PLUS_PERFECT_NUMBER,,0.2
551,MULTIPLY_TWO_NUMBERS_WITHOUT_USING_MULTIPLY_DIVISION_BITWISE_OPERATORS_AND_NO_LOOPS,,1.0
552,MULTIPLY_TWO_NUMBERS_WITHOUT_USING_MULTIPLY_DIVISION_BITWISE_OPERATORS_AND_NO_LOOPS,,1.0
553,CHANGE_ARRAY_PERMUTATION_NUMBERS_1_N,,0.9
554,SEARCH_INSERT_AND_DELETE_IN_A_SORTED_ARRAY_1,,0.4
555,PRINT_MAXIMUM_SHORTEST_DISTANCE,,1.0
556,MINIMUM_XOR_VALUE_PAIR,,0.8
557,CHECK_NUMBER_IS_PERFECT_SQUARE_USING_ADDITIONSUBTRACTION,,0.6
558,CHECK_GIVEN_STRING_CAN_SPLIT_FOUR_DISTINCT_STRINGS,,0.4
559,CHECK_GIVEN_STRING_CAN_SPLIT_FOUR_DISTINCT_STRINGS,,0.0
560,COUNT_NUMBERS_THAT_DONT_CONTAIN_3,,1.0
561,COUNT_NUMBERS_THAT_DONT_CONTAIN_3,,1.0
562,MINIMUM_STEPS_MINIMIZE_N_PER_GIVEN_CONDITION,,1.0
563,FIND_UNIT_DIGIT_X_RAISED_POWER_Y_1,,1.0
564,PAIR_WITH_GIVEN_PRODUCT_SET_1_FIND_IF_ANY_PAIR_EXISTS_1,,0.1
565,PAIR_WITH_GIVEN_PRODUCT_SET_1_FIND_IF_ANY_PAIR_EXISTS_1,,0.1
566,FIND_SUM_NON_REPEATING_DISTINCT_ELEMENTS_ARRAY,,1.0
567,COUNT_CHARACTERS_STRING_DISTANCE_ENGLISH_ALPHABETS,,0.8
568,GOLD_MINE_PROBLEM,,0.9
569,COUNT_DISTINCT_NON_NEGATIVE_PAIRS_X_Y_SATISFY_INEQUALITY_XX_YY_N_2,,1.0
570,FIND_MINIMUM_SUM_FACTORS_NUMBER,,0.9
571,HOW_CAN_WE_SUM_THE_DIGITS_OF_A_GIVEN_NUMBER_IN_SINGLE_STATEMENT_1,,1.0
572,FORM_SMALLEST_NUMBER_USING_ONE_SWAP_OPERATION,,1.0
573,FIND_SUM_EVEN_INDEX_BINOMIAL_COEFFICIENTS,,0.4
574,CHECK_GIVEN_STRING_ROTATION_PALINDROME,,0.7
575,REMAINDER_7_LARGE_NUMBERS,,1.0
576,LONGEST_COMMON_SUBSTRING,,1.0
577,SUM_SQUARES_BINOMIAL_COEFFICIENTS,,1.0
578,CIRCULAR_MATRIX_CONSTRUCT_A_MATRIX_WITH_NUMBERS_1_TO_MN_IN_SPIRAL_WAY,,1.0
579,SUM_OF_ALL_PROPER_DIVISORS_OF_A_NATURAL_NUMBER,,0.5
580,COUNT_NATURAL_NUMBERS_WHOSE_PERMUTATION_GREATER_NUMBER,,1.0
581,TOTAL_NUMBER_OF_NON_DECREASING_NUMBERS_WITH_N_DIGITS,,1.0
582,COUNT_BALANCED_BINARY_TREES_HEIGHT_H,,1.0
583,MINIMUM_LENGTH_SUBARRAY_SUM_GREATER_GIVEN_VALUE,,1.0
584,MOVE_ZEROES_END_ARRAY,,0.4
585,CHECK_VALID_SEQUENCE_DIVISIBLE_M,,0.6
586,DYNAMIC_PROGRAMMING_SET_17_PALINDROME_PARTITIONING_1,,0.9
587,SORT_ARRAY_WAVE_FORM_2_1,,0.8
588,MAXIMUM_SUBARRAY_SUM_USING_PREFIX_SUM,,1.0
589,PROGRAM_DECIMAL_BINARY_CONVERSION_2,,1.0
590,LEXICOGRAPHICAL_CONCATENATION_SUBSTRINGS_STRING,,1.0
591,LEXICOGRAPHICAL_CONCATENATION_SUBSTRINGS_STRING,,1.0
592,MINIMUM_COST_CONNECT_WEIGHTED_NODES_REPRESENTED_ARRAY,,0.7
593,FIND_ROTATION_COUNT_ROTATED_SORTED_ARRAY_1,,0.9
594,LONGEST_SUBARRAY_COUNT_1S_ONE_COUNT_0S,,1.0
595,COUNT_SET_BITS_IN_AN_INTEGER_1,,1.0
596,WILDCARD_CHARACTER_MATCHING,,0.6
597,FIND_N_TH_ELEMENT_FROM_STERNS_DIATOMIC_SERIES,,1.0
598,FIND_SMALLEST_VALUE_REPRESENTED_SUM_SUBSET_GIVEN_ARRAY,,0.5
599,MAXIMUM_DISTANCE_TWO_OCCURRENCES_ELEMENT_ARRAY,,0.6
600,FIND_SUM_ODD_FACTORS_NUMBER,,0.9
601,FIND_SUM_ODD_FACTORS_NUMBER,,0.2
602,FIND_SUM_ODD_FACTORS_NUMBER,,0.9
603,PRIMALITY_TEST_SET_1_INTRODUCTION_AND_SCHOOL_METHOD_1,,0.2
604,PRIMALITY_TEST_SET_1_INTRODUCTION_AND_SCHOOL_METHOD_1,,0.2
605,PRIMALITY_TEST_SET_1_INTRODUCTION_AND_SCHOOL_METHOD_1,,0.9
606,PRIMALITY_TEST_SET_1_INTRODUCTION_AND_SCHOOL_METHOD_1,,0.2
607,PROGRAM_PAGE_REPLACEMENT_ALGORITHMS_SET_2_FIFO,,1.0
608,COUNT_WORDS_APPEAR_EXACTLY_TWO_TIMES_ARRAY_WORDS,,0.9
609,COUNT_WORDS_APPEAR_EXACTLY_TWO_TIMES_ARRAY_WORDS,,0.9
610,ARRAY_RANGE_QUERIES_ELEMENTS_FREQUENCY_VALUE,,0.4
611,ARRAY_RANGE_QUERIES_ELEMENTS_FREQUENCY_VALUE,,0.4
612,FIND_LARGEST_PRIME_FACTOR_NUMBER,,0.6
613,FIND_LARGEST_PRIME_FACTOR_NUMBER,,0.9
614,FIND_LARGEST_PRIME_FACTOR_NUMBER,,1.0
615,SQUARE_ROOT_OF_AN_INTEGER_1,,0.8
616,SQUARE_ROOT_OF_AN_INTEGER_1,,1.0
617,MINIMUM_TIME_WRITE_CHARACTERS_USING_INSERT_DELETE_COPY_OPERATION,,1.0
618,MINIMUM_TIME_WRITE_CHARACTERS_USING_INSERT_DELETE_COPY_OPERATION,,1.0
619,MINIMUM_TIME_WRITE_CHARACTERS_USING_INSERT_DELETE_COPY_OPERATION,,1.0
620,STEINS_ALGORITHM_FOR_FINDING_GCD,,1.0
621,STEINS_ALGORITHM_FOR_FINDING_GCD,,1.0
622,STEINS_ALGORITHM_FOR_FINDING_GCD,,1.0
623,STEINS_ALGORITHM_FOR_FINDING_GCD,,1.0
624,PRINT_WORDS_STRING_REVERSE_ORDER,,0.8
625,PRINT_WORDS_STRING_REVERSE_ORDER,,0.8
626,COUNT_SET_BITS_IN_AN_INTEGER_3,,1.0
627,FIND_MINIMUM_DIFFERENCE_PAIR_1,,1.0
628,REPLACE_CHARACTER_C1_C2_C2_C1_STRING_S,,0.2
629,MINIMUM_LENGTH_SUBARRAY_SUM_GREATER_GIVEN_VALUE_1,,1.0
630,NUMBER_IS_DIVISIBLE_BY_29_OR_NOT,,0.0
631,PAPER_CUT_MINIMUM_NUMBER_SQUARES,,0.0
632,PAPER_CUT_MINIMUM_NUMBER_SQUARES,,0.8
633,BELL_NUMBERS_NUMBER_OF_WAYS_TO_PARTITION_A_SET,,1.0
634,FIND_THE_NUMBER_OCCURRING_ODD_NUMBER_OF_TIMES_1,,1.0
635,FIND_THE_NUMBER_OCCURRING_ODD_NUMBER_OF_TIMES_1,,1.0
636,MAXIMUM_GAMES_PLAYED_WINNER,,1.0
637,FIND_SUM_UNIQUE_SUB_ARRAY_SUM_GIVEN_ARRAY,,0.7
638,FIND_SUM_UNIQUE_SUB_ARRAY_SUM_GIVEN_ARRAY,,0.7
639,MINIMUM_CHARACTERS_ADDED_FRONT_MAKE_STRING_PALINDROME,,0.7
640,MINIMUM_SUM_SUBSEQUENCE_LEAST_ONE_EVERY_FOUR_CONSECUTIVE_ELEMENTS_PICKED_1,,1.0
641,MINIMUM_SUM_SUBSEQUENCE_LEAST_ONE_EVERY_FOUR_CONSECUTIVE_ELEMENTS_PICKED_1,,1.0
642,COUNT_POSSIBLE_PATHS_TOP_LEFT_BOTTOM_RIGHT_NXM_MATRIX_2,,0.9
643,PATH_MAXIMUM_AVERAGE_VALUE,,0.9
644,RECURSIVELY_BREAK_NUMBER_3_PARTS_GET_MAXIMUM_SUM_1,,1.0
645,MAXIMUM_PRODUCT_INCREASING_SUBSEQUENCE,,0.7
646,NUMBER_SUBSTRINGS_DIVISIBLE_4_STRING_INTEGERS,,0.8
647,SUM_TWO_LARGE_NUMBERS,,1.0
648,COMPOSITE_NUMBER,,0.7
649,COMPOSITE_NUMBER,,0.1
650,COMPOSITE_NUMBER,,0.1
651,COMPOSITE_NUMBER,,0.1
652,CHECK_ARRAY_CONTAINS_CONTIGUOUS_INTEGERS_DUPLICATES_ALLOWED,,0.5
653,NUMBER_OF_SUBSTRINGS_WITH_ODD_DECIMAL_VALUE_IN_A_BINARY_STRING,,0.5
654,NUMBER_OF_SUBSTRINGS_WITH_ODD_DECIMAL_VALUE_IN_A_BINARY_STRING,,0.5
655,LONGEST_PALINDROME_SUBSEQUENCE_SPACE,,1.0
656,NUMBER_UNIQUE_RECTANGLES_FORMED_USING_N_UNIT_SQUARES,,1.0
657,REMOVE_MINIMUM_ELEMENTS_EITHER_SIDE_2MIN_MAX,,0.7
658,REMOVE_MINIMUM_ELEMENTS_EITHER_SIDE_2MIN_MAX,,1.0
659,COUNT_SUBARRAYS_EQUAL_NUMBER_1S_0S_1,,1.0
660,FIND_ONE_EXTRA_CHARACTER_STRING_1,,1.0
661,COUNT_SUBARRAYS_EQUAL_NUMBER_1S_0S,,1.0
662,RECURSIVE_C_PROGRAM_LINEARLY_SEARCH_ELEMENT_GIVEN_ARRAY,,1.0
663,REMOVE_MINIMUM_NUMBER_ELEMENTS_NO_COMMON_ELEMENT_EXIST_ARRAY,,0.8
664,REMOVE_MINIMUM_NUMBER_ELEMENTS_NO_COMMON_ELEMENT_EXIST_ARRAY,,0.8
665,CHECK_REVERSING_SUB_ARRAY_MAKE_ARRAY_SORTED_1,,0.2
666,CHECK_REVERSING_SUB_ARRAY_MAKE_ARRAY_SORTED_1,,0.2
667,SUM_FACTORS_NUMBER,,0.8
668,HOW_TO_CHECK_IF_A_GIVEN_ARRAY_REPRESENTS_A_BINARY_HEAP,,0.4
669,STOOGE_SORT,,0.1
670,NUMBER_WAYS_NODE_MAKE_LOOP_SIZE_K_UNDIRECTED_COMPLETE_CONNECTED_GRAPH_N_NODES,,0.0
671,SUM_FAI_AJ_PAIRS_ARRAY_N_INTEGERS,,1.0
672,LONGEST_PREFIX_ALSO_SUFFIX_1,,1.0
673,FLOOR_IN_A_SORTED_ARRAY_1,,1.0
674,BINARY_SEARCH,,0.1
675,WRITE_A_C_PROGRAM_TO_CALCULATE_POWXN,,1.0
676,MAXIMUM_NUMBER_CHOCOLATES_DISTRIBUTED_EQUALLY_AMONG_K_STUDENTS,,0.6
677,SUBARRAYS_DISTINCT_ELEMENTS,,1.0
678,MAGICAL_INDICES_ARRAY,,1.0
679,FIND_LARGEST_D_IN_ARRAY_SUCH_THAT_A_B_C_D_1,,1.0
680,K_TH_MISSING_ELEMENT_INCREASING_SEQUENCE_NOT_PRESENT_GIVEN_SEQUENCE,,0.3
681,FIBONACCI_MODULO_P,,1.0
